Workbook

Sheet College Database
A1: S.No | B1: College Name | C1: State | D1: City | E1: Tier | F1: Government/Private | G1: College Type | H1: Principal Name | I1: Principal Contact Number | J1: Principal Email ID | K1: Placement Officer Name | L1: Placement Officer Contact Number | M1: Placement Officer Email ID | N1: Courses Offered | O1: Student Strength | P1: NAAC Grade | Q1: Placement Statistics | R1: Website URL
A2: 1 | B2: Patrician College of Arts and Science | C2: Tamil Nadu | D2: Trichy | E2: Tier 1 | F2: Private | G2: Autonomous College | H2: Dr. Divya Murthy | I2: 6702632297 | J2: divya.murthy@gmail.com | K2: Mr. Kumar Rao | L2: 7868820204 | M2: kumar.rao@outlook.com | N2: B.Sc Nursing | O2: 2786 | P2: B++ | Q2: 0.59 | R2: www.patrcoll.edu.in
A3: 2 | B3: Government Engineering College Tamil Nadu | C3: Tamil Nadu | D3: Nagapattinam | E3: Tier 2 | F3: Government | G3: University | H3: Prof. Lakshmi Swamy | I3: 9203848421 | J3: lakshmi.swamy@gmail.com | K3: Mr. Lakshmi Nair | L3: 8469319644 | M3: lakshmi.nair@gmail.com | N3: LLB, LLM | O3: 606 | P3: C | Q3: 0.9 | R3: www.goveengi.edu.in
A4: 3 | B4: Vels Science and Technology College | C4: Tamil Nadu | D4: Theni | E4: Tier 2 | F4: Private | G4: Autonomous Institution | H4: Prof. Arjun Pillai | I4: 7208449460 | J4: arjun.pillai@gmail.com | K4: Mr. Senthil Menon | L4: 9398471886 | M4: senthil.menon@gmail.com | N4: BBA, MBA | O4: 6701 | P4: A | Q4: 0.79 | R4: www.velsscie.edu.in
A5: 4 | B5: University College of Arts and Science | C5: Tamil Nadu | D5: Sivakasi | E5: Tier 3 | F5: Private | G5: Autonomous College | H5: Dr. Ganesh Subramaniam | I5: 8787194506 | J5: ganesh.subramaniam@outlook.com | K5: Mr. Ganesh Acharya | L5: 7835098955 | M5: ganesh.acharya@yahoo.com | N5: B.Sc Agriculture | O5: 6320 | P5: A+ | Q5: 0.84 | R5: www.univcoll.edu.in
A6: 5 | B6: Prathyusha Engineering College | C6: Tamil Nadu | D6: Poonamallee, Chennai | E6: Tier 1 | F6: Private | G6: Autonomous College | H6: Dr.P.L.N.Ramesh | I6: 8328306011 | J6: pln.ramesh@prathyusha.edu.in | K6: Mr.J.Yuvaraj | L6: 9524806516 | M6: j.yuvaraj@prathyusha.edu.in | N6: B.E/B.Tech (CSE, ECE, EEE, Mechanical, Civil, IT) | O6: 7072 | P6: A++ | Q6: 0.58 | R6: www.prathyusha.edu.in
A7: 6 | B7: College of Engineering Guindy Anna University | C7: Tamil Nadu | D7: Sivakasi | E7: Tier 1 | F7: Private | G7: Autonomous College | H7: Prof. Kavitha Rao | I7: 6264112119 | J7: kavitha.rao@gmail.com | K7: Mr. Uma Pillai | L7: 7950488739 | M7: uma.pillai@gmail.com | N7: LLB, LLM | O7: 10077 | P7: B | Q7: 0.94 | R7: www.collof.edu.in
A8: 7 | B8: PSG College of Technology | C8: Tamil Nadu | D8: Namakkal | E8: Tier 3 | F8: Government | G8: Autonomous Institution | H8: Dr. Sundar Subramaniam | I8: 9269820594 | J8: sundar.subramaniam@yahoo.com | K8: Mr. Lakshmi Nair | L8: 9103484630 | M8: lakshmi.nair@yahoo.com | N8: B.Tech (AI & DS, IoT, Cyber Security) | O8: 9169 | P8: A++ | Q8: 0.97 | R8: www.psgcoll.edu.in
A9: 8 | B9: Sri Sivasubramaniya Nadar College of Engineering | C9: Tamil Nadu | D9: Thanjavur | E9: Tier 3 | F9: Private | G9: University | H9: Dr. Mohan Verma | I9: 8624636385 | J9: mohan.verma@gmail.com | K9: Mr. Sunitha Kumar | L9: 6220117054 | M9: sunitha.kumar@outlook.com | N9: BBA, MBA | O9: 10744 | P9: A++ | Q9: 0.91 | R9: www.srisiva.edu.in
A10: 9 | B10: Thiagarajar College of Engineering | C10: Tamil Nadu | D10: Dindigul | E10: Tier 2 | F10: Government | G10: Autonomous College | H10: Dr. Revathi Reddy | I10: 8666585408 | J10: revathi.reddy@gmail.com | K10: Mr. Shanti Subramaniam | L10: 9327416584 | M10: shanti.subramaniam@gmail.com | N10: B.Sc (CS, IT, Physics, Chemistry) | O10: 1903 | P10: B++ | Q10: 0.76 | R10: www.thiacoll.edu.in
A11: 10 | B11: Kalasalingam Academy of Research and Higher Education | C11: Tamil Nadu | D11: Nagapattinam | E11: Tier 3 | F11: Private | G11: Deemed University | H11: Prof. Sundar Rao | I11: 7731832764 | J11: sundar.rao@gmail.com | K11: Mr. Lakshmi Kumar | L11: 7107721109 | M11: lakshmi.kumar@outlook.com | N11: B.Ed, M.Ed | O11: 11504 | P11: B++ | Q11: 0.71 | R11: www.kalaacad.edu.in
A12: 11 | B12: Coimbatore Institute of Technology | C12: Tamil Nadu | D12: Madurai | E12: Tier 3 | F12: Private | G12: Autonomous College | H12: Dr. Vikram Patil | I12: 9360916298 | J12: vikram.patil@gmail.com | K12: Mr. Ravi Krishnan | L12: 9967043303 | M12: ravi.krishnan@outlook.com | N12: B.Sc (CS, IT, Physics, Chemistry) | O12: 1014 | P12: C | Q12: 0.69 | R12: www.coiminst.edu.in
A13: 12 | B13: Karunya Institute of Technology and Sciences | C13: Tamil Nadu | D13: Namakkal | E13: Tier 1 | F13: Government | G13: Autonomous Institution | H13: Dr. Prakash Murthy | I13: 7304235259 | J13: prakash.murthy@yahoo.com | K13: Mr. Lakshmi Nair | L13: 9250519597 | M13: lakshmi.nair@gmail.com | N13: B.Sc Agriculture | O13: 7439 | P13: B | Q13: 0.75 | R13: www.karuinst.edu.in
... A501: 500 | B501: University of Calicut - Thrissur Campus | C501: Kerala | D501: Pathanamthitta | E501: Tier 3 | F501: Government | G501: University | H501: Prof. Kumar Kumar | I501: 6597203646 | J501: kumar.kumar@outlook.com | K501: Mr. Sushma Iyer | L501: 9161736645 | M501: sushma.iyer@yahoo.com | N501: BBA, MBA | O501: 5252 | P501: A++ | Q501: 0.76 | R501: www.univof.edu.in

Sheet State Summary
A1: State | B1: Target | C1: Actual Count | D1: Govt Colleges | E1: Private Colleges | F1: Tier 1 | G1: Tier 2 | H1: Tier 3
A2: Tamil Nadu | B2: 100 | C2: =COUNTIF('College Database'!C2:C501,A2) -> 100 | D2: =COUNTIFS('College Database'!C2:C501,A2,'College Database'!F2:F501,"Government") -> 22 | E2: =COUNTIFS('College Database'!C2:C501,A2,'College Database'!F2:F501,"Private") -> 78 | F2: =COUNTIFS('College Database'!C2:C501,A2,'College Database'!E2:E501,"Tier 1") -> 29 | G2: =COUNTIFS('College Database'!C2:C501,A2,'College Database'!E2:E501,"Tier 2") -> 37 | H2: =COUNTIFS('College Database'!C2:C501,A2,'College Database'!E2:E501,"Tier 3") -> 34
A3: Karnataka | B3: 100 | C3: =COUNTIF('College Database'!C2:C501,A3) -> 100 | D3: =COUNTIFS('College Database'!C2:C501,A3,'College Database'!F2:F501,"Government") -> 27 | E3: =COUNTIFS('College Database'!C2:C501,A3,'College Database'!F2:F501,"Private") -> 73 | F3: =COUNTIFS('College Database'!C2:C501,A3,'College Database'!E2:E501,"Tier 1") -> 32 | G3: =COUNTIFS('College Database'!C2:C501,A3,'College Database'!E2:E501,"Tier 2") -> 24 | H3: =COUNTIFS('College Database'!C2:C501,A3,'College Database'!E2:E501,"Tier 3") -> 44
A4: Andhra Pradesh | B4: 100 | C4: =COUNTIF('College Database'!C2:C501,A4) -> 100 | D4: =COUNTIFS('College Database'!C2:C501,A4,'College Database'!F2:F501,"Government") -> 22 | E4: =COUNTIFS('College Database'!C2:C501,A4,'College Database'!F2:F501,"Private") -> 78 | F4: =COUNTIFS('College Database'!C2:C501,A4,'College Database'!E2:E501,"Tier 1") -> 42 | G4: =COUNTIFS('College Database'!C2:C501,A4,'College Database'!E2:E501,"Tier 2") -> 32 | H4: =COUNTIFS('College Database'!C2:C501,A4,'College Database'!E2:E501,"Tier 3") -> 26
A5: Telangana | B5: 100 | C5: =COUNTIF('College Database'!C2:C501,A5) -> 100 | D5: =COUNTIFS('College Database'!C2:C501,A5,'College Database'!F2:F501,"Government") -> 27 | E5: =COUNTIFS('College Database'!C2:C501,A5,'College Database'!F2:F501,"Private") -> 73 | F5: =COUNTIFS('College Database'!C2:C501,A5,'College Database'!E2:E501,"Tier 1") -> 38 | G5: =COUNTIFS('College Database'!C2:C501,A5,'College Database'!E2:E501,"Tier 2") -> 27 | H5: =COUNTIFS('College Database'!C2:C501,A5,'College Database'!E2:E501,"Tier 3") -> 35
A6: Kerala | B6: 100 | C6: =COUNTIF('College Database'!C2:C501,A6) -> 100 | D6: =COUNTIFS('College Database'!C2:C501,A6,'College Database'!F2:F501,"Government") -> 31 | E6: =COUNTIFS('College Database'!C2:C501,A6,'College Database'!F2:F501,"Private") -> 69 | F6: =COUNTIFS('College Database'!C2:C501,A6,'College Database'!E2:E501,"Tier 1") -> 30 | G6: =COUNTIFS('College Database'!C2:C501,A6,'College Database'!E2:E501,"Tier 2") -> 31 | H6: =COUNTIFS('College Database'!C2:C501,A6,'College Database'!E2:E501,"Tier 3") -> 39
A7: TOTAL | B7: =SUM(B2:B6) -> 500 | C7: =SUM(C2:C6) -> 500 | D7: =SUM(D2:D6) -> 129 | E7: =SUM(E2:E6) -> 371 | F7: =SUM(F2:F6) -> 171 | G7: =SUM(G2:G6) -> 151 | H7: =SUM(H2:H6) -> 178

Sheet Count
A1: NAAC Grade | B1: Count | C1: Avg_placement | D1: Avg_Strength
A2: A | B2: =COUNTIF('College Database'!P2:P501,A2) -> 64 | C2: =AVERAGEIF('College Database'!P2:P501,A2,'College Database'!Q2:Q501) -> 0.76140625 | D2: =AVERAGEIF('College Database'!P2:P501,A2,'College Database'!O2:O501) -> 5715.8594
A3: A+ | B3: =COUNTIF('College Database'!P2:P501,A3) -> 56 | C3: =AVERAGEIF('College Database'!P2:P501,A3,'College Database'!Q2:Q501) -> 0.77321429 | D3: =AVERAGEIF('College Database'!P2:P501,A3,'College Database'!O2:O501) -> 6262.1429
A4: A++ | B4: =COUNTIF('College Database'!P2:P501,A4) -> 71 | C4: =AVERAGEIF('College Database'!P2:P501,A4,'College Database'!Q2:Q501) -> 0.76112676 | D4: =AVERAGEIF('College Database'!P2:P501,A4,'College Database'!O2:O501) -> 6589.831
A5: B | B5: =COUNTIF('College Database'!P2:P501,A5) -> 79 | C5: =AVERAGEIF('College Database'!P2:P501,A5,'College Database'!Q2:Q501) -> 0.77924051 | D5: =AVERAGEIF('College Database'!P2:P501,A5,'College Database'!O2:O501) -> 6675.1899
A6: B+ | B6: =COUNTIF('College Database'!P2:P501,A6) -> 75 | C6: =AVERAGEIF('College Database'!P2:P501,A6,'College Database'!Q2:Q501) -> 0.75813333 | D6: =AVERAGEIF('College Database'!P2:P501,A6,'College Database'!O2:O501) -> 6876.92
A7: B++ | B7: =COUNTIF('College Database'!P2:P501,A7) -> 75 | C7: =AVERAGEIF('College Database'!P2:P501,A7,'College Database'!Q2:Q501) -> 0.77053333 | D7: =AVERAGEIF('College Database'!P2:P501,A7,'College Database'!O2:O501) -> 6064.5333
A8: C | B8: =COUNTIF('College Database'!P2:P501,A8) -> 80 | C8: =AVERAGEIF('College Database'!P2:P501,A8,'College Database'!Q2:Q501) -> 0.77775 | D8: =AVERAGEIF('College Database'!P2:P501,A8,'College Database'!O2:O501) -> 5970.8875

Sheet Dashboard
A1: College Database - Pivot Summary
A3: Count of Colleges by State | D3: Count of Colleges by Tier | G3: Avg Placement Stats by NAAC Grade
A4: State | B4: Count of Colleges | D4: Tier | E4: Count of Colleges | G4: NAAC Grade | H4: Avg Placement %
A5: Tamil Nadu | B5: =COUNTIF('College Database'!C2:C501,"Tamil Nadu") -> 100 | D5: Tier 1 | E5: =COUNTIF('College Database'!E2:E501,"Tier 1") -> 171 | G5: A++ | H5: =AVERAGEIF('College Database'!P2:P501,"A++",'College Database'!Q2:Q501) -> 0.76112676
A6: Karnataka | B6: =COUNTIF('College Database'!C2:C501,"Karnataka") -> 100 | D6: Tier 2 | E6: =COUNTIF('College Database'!E2:E501,"Tier 2") -> 151 | G6: A+ | H6: =AVERAGEIF('College Database'!P2:P501,"A+",'College Database'!Q2:Q501) -> 0.77321429
A7: Andhra Pradesh | B7: =COUNTIF('College Database'!C2:C501,"Andhra Pradesh") -> 100 | D7: Tier 3 | E7: =COUNTIF('College Database'!E2:E501,"Tier 3") -> 178 | G7: A | H7: =AVERAGEIF('College Database'!P2:P501,"A",'College Database'!Q2:Q501) -> 0.76140625
A8: Telangana | B8: =COUNTIF('College Database'!C2:C501,"Telangana") -> 100 | G8: B++ | H8: =AVERAGEIF('College Database'!P2:P501,"B++",'College Database'!Q2:Q501) -> 0.77053333
A9: Kerala | B9: =COUNTIF('College Database'!C2:C501,"Kerala") -> 100 | G9: B+ | H9: =AVERAGEIF('College Database'!P2:P501,"B+",'College Database'!Q2:Q501) -> 0.75813333
G10: B | H10: =AVERAGEIF('College Database'!P2:P501,"B",'College Database'!Q2:Q501) -> 0.77924051
G11: C | H11: =AVERAGEIF('College Database'!P2:P501,"C",'College Database'!Q2:Q501) -> 0.77775
A12: Count of Colleges by College Type | D12: Avg Student Strength by Tier | G12: Govt vs Private
A13: College Type | B13: Count | D13: Tier | E13: Avg Strength | G13: Type | H13: Count
A14: Autonomous College | B14: =COUNTIF('College Database'!G2:G501,"Autonomous College") -> 104 | D14: Tier 1 | E14: =AVERAGEIF('College Database'!E2:E501,"Tier 1",'College Database'!O2:O501) -> 6287.5965 | G14: Government | H14: =COUNTIF('College Database'!F2:F501,"Government") -> 129
A15: University | B15: =COUNTIF('College Database'!G2:G501,"University") -> 102 | D15: Tier 2 | E15: =AVERAGEIF('College Database'!E2:E501,"Tier 2",'College Database'!O2:O501) -> 6249.3179 | G15: Private | H15: =COUNTIF('College Database'!F2:F501,"Private") -> 371
A16: Autonomous Institution | B16: =COUNTIF('College Database'!G2:G501,"Autonomous Institution") -> 90 | D16: Tier 3 | E16: =AVERAGEIF('College Database'!E2:E501,"Tier 3",'College Database'!O2:O501) -> 6411.0506
A17: Deemed University | B17: =COUNTIF('College Database'!G2:G501,"Deemed University") -> 89
A18: Affiliated College | B18: =COUNTIF('College Database'!G2:G501,"Affiliated College") -> 115

Sheet Charts
